ResponseId,Happy ,Angry,Anxious
R_2arHSLuXfkbxq9I,0,0,0
R_1mIZ1ISBTlSv2Ew,0,0,0
R_2DUMC7EZT60lpo6,1,0,1
R_pb1m3OcAQIVR4Vr,1,0,0
R_3LXyROcUIjcMAVC,0,1,0
R_9FUIqrRsnUpUZ3z,0,0,2
R_UQPfldS4pHr0aDT,0,0,0
R_3PXpaOmtpSHQtlt,0,0,1
R_2YXrrhPMahsBLc2,2,0,0
R_1DUA7pQKzcuCvTP,0,0,0
R_2ydbq1s71xRvLka,2,0,0
R_3hbvF47x8Q9LRWq,1,0,0
R_2yf0l59GgnxSJha,0,0,2
R_308FQxEOfPZjcp2,0,0,0
R_5jZeYMv4c4RM7F7,0,0,0
R_u3xqUZCK69IxSed,0,0,0
R_esUKykg28f7ITOV,1,0,0
R_1P7vGGeEwonbE9b,0,0,0
R_1k17wNXIcUM82hI,0,1,1
R_10DccIy7TfroisS,0,0,0
R_217fxyhcfnB0t0Y,0,2,0
R_2zbUkJRi9LCkPLL,0,0,0
R_RDopXzHAIzIsUgx,0,0,2
R_1Kl5mAOIyboJjg8,2,0,0
R_2aQbyn7hADlrODP,0,1,0
R_1jeO93WLOvQHWMT,0,0,0
R_1qamruI4OJ0f1jk,0,0,1
R_3EPYxh4wPqW2o5x,0,0,0
R_3P82syP3Te75tY3,0,0,0
R_2VOLzPDIo5OOXg3,0,0,0
R_10wJ55EQhQkvqRu,1,0,0
R_79uKUbH7DELi7Qd,0,1,1
R_3qPRc5pFQPte8t8,1,0,0
R_1kFfUfHMt7mKNF7,0,1,0
R_1n3K5N9oPisLFdJ,0,0,0
R_1lftfpXpRgiOo6D,0,0,0
R_2OUUB08QtdzVFMV,0,0,0
R_UWQtZjjkmK7zjwZ,0,0,1
R_1GJQxl1XDP0Vdcw,2,0,0
R_2X53iLae6EezEHa,1,0,0
R_xmD5C0A7WEy9QA1,0,0,0
R_BXlcsBUgyqS3Ugp,0,0,1
R_3D2xkYoIpM3LRUg,0,0,0
R_12D1cMW0LjfjwIO,0,0,2
R_eXw2GOwGS4D9QXv,0,0,0
R_2PCiNLLHhDkrncH,0,1,2
R_1rIHfe3WgX96i97,1,0,0
R_2fquVcwsVjSuRbH,0,2,0
R_3e9S4KRBVGvbqJD,0,1,0
R_2cBjgiFcJ7rPwIv,0,0,0
R_3Hv0U6xZ4rTrPYD,0,0,1
R_1dlWVRI1Cvsb3Rz,0,1,0
R_3LhTpsJBxDleWAl,0,0,1
R_2qt0z1C8PELMdnI,2,0,0
R_33jzmSsnwehaUYh,0,0,0
R_1irqLW7XNwnEMY3,0,0,0
R_3Nzm9lFZgYpLHXR,0,0,0
R_6zAC5ojsG9UT24V,0,0,0
R_25tE1SGqHhUU9pB,0,0,0
R_s6CsJaUPomKdBU5,0,2,0
R_3MAPy648mfJYJUJ,0,1,1
R_vSmPABYWM5NctVf,0,1,0
R_27ys5bwT5Z9BHjH,0,0,0
R_XEUFzl19jD0a413,0,0,2
R_poQY2U4mPhXTDhf,0,0,2
R_1Fs4t72CN1j7lP1,1,0,0
R_abf4xNUliE9xgaJ,0,1,0
R_xEPSjn3FF2eEI6t,0,1,0
R_eXlqG8zPVQUEwyB,0,0,0
R_2t4lh0UTXw0dLHA,0,1,2
R_vJ5SWXB9zdGYkUx,0,0,0
R_2czvWNwZ5kQhhe6,0,0,0
R_2dKjUOEJQGrlx4s,0,0,0
R_3lQF6ccnjBBRHDD,0,1,0
R_3D7maE4SBHLvwKh,0,0,0
R_C4F8OMelkVEWDrH,0,0,0
R_2uL4ZCt2jJeSpdL,1,0,0
R_2uqzXy24MTpDv6l,0,0,0
R_5cKOgpAkOuSoLu1,0,0,0
R_1q85rPtAGulbcQ5,1,0,0
R_3fpnyXd3FpKGGMd,0,0,0
R_2PtXKLe7pYM1xka,0,0,0
R_eSgObJZfSOt1Hd7,0,2,0
R_1C7NZ7LVshDGcSZ,2,1,0
R_1ClQRQAePLZQW9B,0,0,0
R_2WAMUlBWGIwQYbM,0,0,0
R_ROjukYxmDYnkfp7,2,0,0
R_1igmNZTgdKYD8Dk,0,0,0
R_2PnGd0Y7m0VsNaF,1,0,0
R_wTBTJvfwcffItdn,0,2,1
R_2PuKliFspwUjRRL,0,0,0
R_11iiQboQKE5ZR1V,0,0,1
R_xaxKyph1GsytjCF,1,0,0
R_1Q57HqkZ2eLZkfq,1,0,0
R_1GBIEOm4oscO2cn,0,2,0
R_1di5ESkgcmJhZN2,0,1,0
R_2uWH2hjYEdrJ5Ts,0,1,2
R_1oAcm0GbRnT82Cg,1,0,0
R_3M4EtuDHgGmKfxz,0,2,0
R_1Fh7oDB2i77CCrN,0,0,0
R_2EFyWlJejkP2SUF,1,0,0
R_23TxG3LJUFuktG3,0,0,2
R_4Izaa8F38Tpc95T,0,2,0
R_pASvntKZZChcRwt,0,0,0
R_3paJFN9n7K0Njy5,0,0,0
R_3MxnYELykJgkbIa,0,0,0
R_3KSYlNaDUWOXFbY,0,0,0
R_vrgD74a9YUjAWwF,0,0,0
R_26hWUENB7tHkKis,0,0,0
R_TbcWmaouoFTBDvr,0,1,0
R_1GCFQP5nmgl8iwa,1,0,0
R_1GHdUvfPe8DHf4o,0,0,0
R_1NCVf7TuH7zH0sm,0,0,0
R_10AdUDE1zB2tWkU,0,2,0
R_3nvdWQLrfey1Nta,1,0,0
R_2fJWoBFvUHtmA28,0,0,0
R_2zZu1O6EnrSIRt1,0,0,0
R_2V9JpZASA7jj5IO,0,0,0
R_2doLrbxCliB7waT,0,0,0
R_2ziuNbfVkgK6kNn,0,0,0
R_2VeZvDZysSFqRpM,0,0,2
R_BEpdPgJMbl6PIbv,1,0,0
R_9NS85Z2xDpDYOJ3,0,0,0
R_Z7WAx0ycLWyLTyx,0,0,0
R_24INkVT6sSYpZiL,0,0,0
R_2CplWqDVDyIHNTf,0,0,0
R_12Exry3ewYTtL9f,0,0,0
R_3NyOin0piYAjjJ2,0,0,0
R_p4zFu7IMCIvcBC9,0,0,0
R_3qQclVSYof5xITY,0,0,0
R_3Dom0CgF7ohGgqX,0,0,0
R_1lcJEH36f12l1VM,0,2,0
R_2AGYdqFW6IhrnNQ,0,2,0
R_CmNJkFunRoywYeJ,0,0,2
R_2RVtR17hEPLsqUr,0,0,0
R_3rMKbTfLpCHTZ6B,0,0,2
R_ba11IqQXeUSGVTr,1,0,0
R_2zecnNJ8kKaygvs,1,0,0
R_2zDeA7ndCBIaQ6L,0,0,0
R_27CKde2yoYc6SNP,0,0,0
R_Urw8CEUdWd3ihl7,0,2,0
R_27xQ37DqMZEifHs,0,0,0
R_00VjbqBhDXFjy01,0,0,0
R_22JG28CZz5VCOSS,0,0,2
R_1ClJPzQPsv8rruy,1,0,0
R_3HZc2hVeXo7JzPy,0,0,2
R_3kb44BG0dXRRJmL,0,1,0
R_stZFhJMoszrmtCp,0,0,2
R_xtPFsiXxrARW2pb,0,0,0
R_3gXv295pbbnDUsV,1,0,0
R_AFqMP7MS4ajqwIp,0,0,0
R_1pWoMCPILzr8qs9,0,1,0
R_1F8r6Ge7KMsZ0of,1,0,0
R_232KRUvY1p9zKzT,0,2,0
R_3hEC2eHBSLPIWXF,0,0,0
R_3iOrV46z5hGvthD,0,0,2
R_2uyx7pDchebSam5,0,0,0
R_2aKVJ67UBo5nP76,0,1,0
R_u3TcUgToGyZXyDL,1,0,0
R_214F28XiyqCIdi0,0,0,0
R_3JaekEOL6uUSO7c,0,0,0
R_3mlP1OFd11unB6N,1,0,0
R_1OVtjtuRFWX83Dn,0,1,0
R_1rB7Lg1NgHzXkCC,0,1,0
R_1FeuqYGOdFkjLMv,0,0,2
R_3rMmwoobbhAD48z,0,1,0
R_zeTEZosvEedkIbn,0,0,0
R_3ptYY2d3xCMsyrO,0,1,0
R_3qrL5BGGbSUEe9p,0,0,0
R_3sEndlguWJy4P2V,0,0,1
R_27vw1GXZUaRpWm5,0,0,1
R_3FRJB7mLZQJEUFx,0,0,0
R_3iJf9NPNKgzYVzp,0,0,0
R_2wzeBatzOTuwM9b,0,0,1
R_bpYzZlvuRAI9Me5,0,0,0
R_10MCy5E6fN9gqeG,0,0,0
R_podJaPAZGJKt0Jz,0,0,0
R_2Y4JZoDdUIDxDuZ,0,1,0
R_CdlVsIqgCVRBU89,0,0,1
R_3NHUgxl4nzEQZuK,2,0,0
R_2tuy4qhqCW3qdDr,0,0,0
R_3KPma96413DqxkB,0,1,0
R_vVaDEIBMvU692mJ,0,0,0
R_3iwZ1zE2HPgsLim,0,0,0
R_Y9X5u9nx6uy620F,0,0,0
R_4T1Mf8T20DgLkGZ,2,0,0
R_2ttL4qte4hP637p,0,1,0
R_3IWZGYMqBYXKkVJ,0,0,1
R_3XluV2vZGNj305P,0,0,0
R_1riXNhr7zqYNx9U,0,0,1
R_2CkW36S2g2cRdTe,0,0,0
R_2vbJ0KFAvw09hz5,2,0,0
R_1Eg4QzaX43F3ljw,0,0,0
R_1pmbqHlg1jA7tpj,0,0,1
R_QaHCLDSYzp0kbOp,1,0,0
R_1Howu1XLBaiTzix,0,0,1
R_1oF0FmAMNq6oRmo,1,0,0
R_5yGLUa3CwBtirOV,0,0,0
R_cu0FQaXgvDuHpU5,0,0,0
R_yKqatTKoKFFQSGd,0,0,0
R_YQ4zbRD0XS0TZh7,1,0,0
R_1mlrElXEtfiAh1v,0,0,1
R_3CKjfaDx3bcrpRE,0,0,1
R_1KlQtfBmxmgKLZs,0,0,0
R_2zZuc10NVY8oO7s,0,0,0
R_1Qao8lKzWMz3mic,0,0,0
R_2znyWRXHasa1UzY,0,0,1
R_3MlnMV8xpoj4OCk,0,0,0
R_BxfTZGt37u2w6DT,1,0,0
R_1DNcKotl8rtQTa6,2,0,0
R_3M5TMJG7GsrARzU,0,0,1
R_1oz3l3UZ9TM7tgC,0,0,0
R_D2CWNgKLYBbL8tz,0,0,1
R_2t4omteDGxoyCfA,0,0,0
R_3dEqnYEMp87pgD4,0,1,0
R_2Pj5CGiyCaOTOLe,0,0,2
R_3etsLCzJAjE06s5,0,1,0
R_2t9Zx8PIeEIwv4s,0,0,0
R_1i97nBW0mURHnmI,0,2,0
R_8cWn8fcPe6Hb2Mx,0,0,0
R_1ey3Ht41CgDdtWC,0,0,0
R_OJYYLXtXKz9LcLn,0,0,0
R_3peR3eMCiCBNV8F,1,0,0
R_tLo4HlZoGI3SiU9,0,0,2
R_W35tfxK7U7f4ye5,0,0,2
R_2EaCYtvlaLeX9me,0,0,0
R_2rZVUrBYNvpdljE,1,0,0
R_CaDJtY0QTFyl8Sl,0,0,0
R_3NCX5EzNEmKOGLg,1,0,0
R_3s4HHjA57vaaSBf,0,0,2
R_erDMK9xl95cfqr7,0,0,0
R_8zYzzOLrmGbTX33,2,0,0
R_UatfqEqRK4MHsIx,0,0,0
R_1MTg2gHWJ9wGGEz,0,0,2
R_AEyPB8V0dxuQQKd,0,0,0
R_bI73PRjoHExZY6l,0,0,2
R_3oGa8A8Tm28J5kJ,1,0,0
R_SV066z3f1Ob3Irf,0,0,1
R_3O7msVc0nqMQE8C,1,0,0
R_2dWO27hxeOUCuBM,0,0,2
R_tYS7R0I8QSn6kaB,0,0,0
R_30emMsnpalc9NjK,0,0,0
R_sF19O1gJk2TStAR,0,1,0
R_1f6JP0iwdxiWg32,0,0,0
R_SAyDGD197S9qish,2,0,0
R_1IARP2IMYp7PPbC,0,0,1
R_22WTGm828JCDTsn,0,1,0
R_1ClMcYsO4sCKYGX,0,0,0
R_2aJmxEFpwLemOER,1,0,0
R_3JwR6RaNNHFc03P,0,0,0
R_1gwnQznOs6InAew,0,0,0
R_1pJoQQaNoLvOtlc,0,0,1
R_1iq7enuI52NU51c,0,0,0
R_6XbBGfiBHR1s2Dn,0,2,0
R_25H1ndyj6kolAFr,0,0,0
R_tMRKMUQBRAWYZyN,0,0,0
R_3HBSVi5jH3ZFAeg,0,0,0
R_12b4qlvAiv6JtHn,0,0,1
R_3m9Jt0tC4eZkClS,0,0,0
R_2bPP4Ql7hVDT0Kh,2,0,0
R_3Mh9NPzG3DZuX7n,1,0,0
R_1M4jNudYnEBQtNe,0,0,2
R_2aVVCBeKU2tiTQ1,0,2,0
R_3lxJb9iOGPB0RXw,0,1,0
R_2uX9MqiIZi8r00U,0,0,0
R_2TGDgUVhDAwLOvJ,0,0,2
R_2SfpHxSqgslSm7h,0,0,0
R_331LDAQfiJ71nXU,0,0,0
R_3nNOxrKnIkP810l,0,0,1
R_2ZDHMtsU9HylyrI,1,0,0
R_21ythMk25ZRi07o,0,2,0
R_3scACZd9jcpHWF2,0,0,1
R_1z9TDDdhsDXP8zf,0,1,0
R_22S24ye1AiR7Xcf,2,0,0
R_2uHEuqSJutAGicd,0,2,0
R_3PNxe0klQ2JhJan,0,0,0
R_3IahvMuS5lGwCVG,0,1,0
R_3snOoLHOVX1VU0P,0,0,0
R_O9FuT7JJ9NIFpg5,0,2,0
R_1Pe0SjVfNXDt7CQ,1,0,0
R_1FhVdmPfogr1qHw,0,0,0
R_248mZY3PtzhD5oD,1,0,0
R_2U4Ss7oX259dsxs,2,0,0
R_SBEp3Igo29N6tzP,0,2,0
R_DTXM1rlzOPOhM9X,0,0,0
R_1LI62OAglMW22Au,0,0,0
R_1nN3RxYK9EFuHK7,0,0,0
R_tMrEIpD9oSXyRxL,0,0,0
R_U9fdZQEOGa79vep,1,0,0
R_25YZ87NDVMkD0XV,0,2,0
R_3Pb2ciap3330N1g,0,0,0
R_eP2f4xJWtautGEh,1,0,0
R_1pnEeE6c7eKkJ9O,0,0,0
R_1o4Kv4iuPEuSkiz,1,0,2
R_2AMSj5BOO0Ms16z,0,2,0
R_3K5VMf7P7CwAxep,0,0,1
R_1qXxg9P7mOJ6m6M,0,0,0
R_3rTebpsbF1dUH40,0,0,2
R_1oG8z3BOm0QE3H3,0,0,0
R_2S8P8dXEXuKl0zd,0,0,1
R_2QXniRuwdu1xGrd,0,0,0
R_6s1AwyZWALC5HGN,0,0,0
R_3P4TAFX3trk7x3W,0,1,0
R_29g1R65gryVaPs8,2,0,0
R_1QcmS09Kc8ftXHL,0,2,0
R_28U3Z7ZLBz3ndWH,0,0,0
R_1OuBVt6XgqwZZc7,1,0,0
R_vBl1ni9j0SuCuqJ,0,0,1
R_qF04ZuuJeN9cosF,1,0,0
R_2uDU5WJDDUyOVvd,0,1,0
R_BxnMQn1SGM9rW13,0,0,0
R_byDSeWoVqxI3xKN,0,0,0
R_1jHT4QiMDjQF6Ii,0,0,0
R_1jJI4naYSv4Dp2C,0,0,0
R_3iW5oTaaLWIVcIk,0,0,0
R_2fy9lPqGEqngzeM,0,0,0
R_1dzskSWo11894Hv,0,0,0
R_3p45mHkRfXIjiu2,0,0,0
R_Au4i8wSbI70izbr,1,0,0
R_2QuJHql2jmKjOOE,0,0,0
R_2s5Qb7mc5R2jj7K,0,1,0
R_31QUfDdKINmIQgL,1,1,0
R_UnYk0F8iLIaJaQF,0,0,1
R_24zRY7Egv24rpcw,0,0,0
R_2AR0sIYjMp0B51J,0,0,0
R_2ahOQMshf8IzHOn,0,1,0
R_1ImlVXPBiniwZBh,0,2,0
R_W0Syqt3tdu5UNgJ,1,0,0
R_2TAvVvFaOJCmelj,0,0,1
R_oZd6hRf5bLTEGhb,0,0,0
R_2wmNALTgU8sHfHZ,0,0,0
R_1f1b9lo8PiQmSnA,0,0,0
R_Anxtt3BIq9Q2nLj,1,0,1
R_3fkRT4oNFr2bTR6,0,0,1
R_1g09sOA7zu3UlWJ,0,0,1
R_25XwI8w2rChMrZm,0,0,0
R_2c8jKxmCvteLzFo,1,0,0
R_3Eo6NAAuTC7qKyP,0,0,0
R_3CPcKWjcSeLqzRG,0,0,0
R_3e8m6RaLY5K3uuh,0,0,0
R_3kptexskClUPV6a,0,0,0
R_1QbJlVdgF6ygAXw,0,1,0
R_9uCpLidn8Jj3a9j,0,0,0
R_1k20biAJlAfTD6m,0,0,1
R_1IF6LdA5C6sgct1,1,0,0
R_2bHmmJG9z8Qz5Uu,0,0,0
R_QiycTbEFA1XoUG5,1,0,0
R_2ah8obZDEBAuxz5,0,0,0
R_2VvH5WX49ORpU84,0,2,0
R_3qO3SJJ4Ux1AZui,0,0,1
R_vODQdLBsQe6na5r,0,0,0
R_1r7I0YhufRXSVqc,0,0,0
R_2YbmLLyKkzmETmG,0,0,0
R_Acg0VDT8vOK6s37,0,0,0
R_2S0PipRjswMWaco,1,0,0
R_2zl11O63l2aEaa9,1,0,0
R_3nNUSzJTcExaDT5,0,0,0
R_3j9HOytmQOPnMjJ,1,0,0
R_1Ea2vHqTvwFSOBH,0,1,0
R_2xXAZLUXpapm9wE,0,0,0
R_1pWi0U8lu8S05SC,0,0,0
R_23dIBjc8PQjgHey,0,0,1
R_25LRqKa27DR64nS,0,0,0
R_3nPNM37wx25AUFI,2,0,0
R_C9szIiJlAH1x2WB,0,0,0
R_OpNtWS8xilisBK9,1,0,0
R_2UVeyqO0UNkRsOT,0,1,0
R_3PoA642fYLu0y75,0,0,1
R_1DBX0PeOEDQnOB6,0,0,0
R_3NE4H7Ncx7D1saj,0,0,0
R_3fOYRCFIaTVhvba,1,0,0
R_6kQz5HCHYd2ppbr,0,0,0
R_3D0D0OrGDjXYbDP,0,0,0
R_3qJNGroIqyhljNm,0,1,0
R_24GHvEV4aOQCLOj,0,0,0
R_r2UWFr6lyd9pmIV,0,0,0
R_3scqqP5Bm8yr0mr,2,0,0
R_3PRgWg4nj6493gh,0,0,0
R_28TVPETC5O58KBG,0,0,1
R_O44dqPnrb34Wlbj,1,0,0
R_1dB2pKy6HBoPllj,0,0,0
R_2Cv5t0FMC1mDypS,0,0,0
R_9RcQUK1W0I7VbcB,0,1,0
R_T7oQLpsE4SFL08p,0,0,0
R_1NeN3scwcKEHmDp,0,0,0
R_3lrB2bdStMtjrGq,1,0,0
R_10DjlsIPpAc5Wev,0,0,0
R_10rstpVADyxRGHM,0,0,0
R_5118eq7zZypBo0p,0,1,1
R_8jPvFTZMSWgew0h,0,0,0
R_2Xb8nhCxwUeWdeI,0,0,0
R_2Pd6yjP3Yrs7oKM,0,0,0
R_1rdG5PYksyUxqOb,0,0,0
R_3fuGJFISV4uMLrn,1,0,0
R_01grGOlima6FVpn,0,0,0
R_26lmYOdhloifVfA,0,0,1
R_72pwxvi5urGoMO5,0,0,0
R_2QVRXFie1UjT8NO,0,0,0
R_vN28EJysLg8ugZb,0,0,0
R_3Ksvxq8oJtSa0Mh,0,0,1
R_2wtSYQuSdiLc0fO,0,0,0
R_57KilF5A8GNs7KN,2,0,0
R_1hYI1yj4M6xRdij,0,0,0
R_27fHaknSVk2V0DZ,0,0,1
R_eCWOKVVstvW4S6R,1,0,0
R_3KT4RV78C87D3Yg,0,0,1
R_25zPqjLSqMJOqJs,0,0,0
R_1qWhx81Zitupjt6,1,0,0
R_2c6kMFjAZyksayk,0,0,0
R_26hZwipovdlQ4o7,0,0,0
R_3htMuaJdBtTN6ai,0,0,0
R_1EbO5gD9F3RTroM,0,0,1
R_2AXbRRIkY3Sh0tf,0,1,1
R_20iHooGCIaUms9P,0,0,0
R_1CINYybtvEnwBlY,0,0,0
R_2AZLr56wl5LA5ZH,0,0,0
R_b8xb4MfIuBWtVbX,0,0,0
R_a4QZjuCCY6hsgYF,0,0,0
R_24OCN96j2aLWSB9,0,0,0
R_1g5yns7qfPgcTCq,2,0,0
R_OOLSElTjF3xbNzb,0,0,0
R_2vjMzHYpHYbhSn2,0,0,0
R_3Rq1bNQdpicMJog,0,2,0
R_3oHLyyONURqO3xo,0,0,0
R_2WZ6pX0CS6YT0CT,0,1,0
R_10NlqRhu43heeKY,0,0,0
R_2QuOmNMmyp7hwGd,2,0,0
R_pR75oxeEsoHdek9,0,1,0
R_SAW1rLxvZZgLvKp,2,0,0
R_2TQUOcwqbhOpUYS,0,0,0
R_1rrIc09qIPk0Ayr,0,0,0
R_2VqBPAaMxrVNyEQ,0,0,0
R_3exf3qypEYXD9nC,0,0,0
R_3MlCI8Q7QOSaviY,0,0,0
R_1kHREDB8Yqufj2p,0,0,0
R_2B8oJ0HuLRfka5a,0,0,0
R_3Jq60sg9f68XGhb,0,1,2
R_3lQc0zbmL8DTx9G,0,0,0
R_24nOtss7c39u4zP,0,0,0
R_2XjP1pV79jc61AQ,0,2,0
R_2qeMmjgr0XP9xAE,0,0,0
R_1geCFEN6ssugGLf,0,0,0
R_2TvlxcZ71npht08,0,2,0
R_2xwTJxpTUA7pwU7,0,0,0
R_a8WoS6s69IYw0wx,0,2,0
R_1ImltbgITCSxYHK,0,0,0
R_1jMMb00h66Zj6KI,1,0,0
R_1HQmDCzr9Rbjvjj,0,0,1
R_9XIF1pQuQ2B1Hnr,0,0,2
R_3I3QltjMYmHla2d,0,0,0
R_Dqp9OF0xJql5RIZ,0,0,0
R_1C794NrV4sWcCtH,0,0,0
R_3Dwmho4eDkr6nEs,1,0,1
R_1j7aYraYdMhLcL2,0,0,0
R_2SuaqnZuEsfAZdj,0,0,1
R_3OpFPGP8mQgbm8y,0,0,0
R_2usQZvxSqBpk61l,1,0,0
R_1mzacmA7eWMg9G6,0,2,0
R_Wd55fSBuHE4Brl7,0,0,0
R_1rBX5v4xPgJ4csW,1,0,0
R_pnHryHVhuBLOtxL,0,0,0
R_2B4DFnBkmiotNpl,0,0,1
R_2Btcp79U7eqt5DK,0,0,0
R_29hx1cFwSURkwDO,0,0,2
R_3pnbM3c4vOioPV3,0,0,0
R_1rcz8jJR6HkPgDM,0,1,0
R_1plALtnNyelI8gY,0,0,0
R_2EhjLoMV2GaQwU0,0,0,0
R_1pzc5ne2LQlYd2c,0,0,2
R_9LD1qnTaH2ADpyV,0,0,1
R_sI5CkPLoqqRgHf3,0,0,0
R_22l8mumQpXQVspH,0,0,0
R_1KdIohnfKZeu56W,1,0,0
R_3oBgjFrUTJ4moH3,0,2,0
R_1NrBKRZGyOf4nXy,0,0,1
R_pi12yMgB8L4R9Fn,0,0,0
R_1ie2YAuUhkt7PoK,0,0,0
R_28TJG24SnmIshqt,2,0,0
R_277rI25iUJ2IlPq,0,0,0
R_1r8IZrZeiWS4kXN,0,0,0
R_AB8zXZqx0wIo5wd,1,0,0
R_bxCN0kPgHyYExAB,0,0,0
R_1kTGjYfOJL8TLis,0,1,0
R_2ZWdmj6adHcYnnW,0,0,0
R_2tMDckBwUvpIt5o,0,0,0
R_3EmvKXydafULFAX,0,0,0
R_vuWO3woNNO6wWQ1,0,2,0
R_2WTgLNJoWnoMWXv,1,0,0
R_1GThAdJjruCx3wY,2,0,0
R_3PLyygM3N6ipM7D,0,0,0
R_rp8eRMH6YExxVa9,1,0,0
R_3JzbsQsC0pv2qGN,0,1,0
R_2tFrlZoPtOW6LPk,0,0,0
R_27k5GWEIJiaz0BV,0,1,0
R_1Fyz99qfICy4ggW,0,0,2
R_1dBpWFxO8tW1OzG,0,2,1
R_2w5eFbvZUUgmxCL,0,0,1
R_1jWaleDeaXCZFOJ,0,0,0
R_UWOSPAx4iYMxlNT,0,0,0
R_Y9Bj245bGK4ms8N,2,0,0
R_yQlrxz5imnBoyM9,0,0,1
R_1YyG3kJSk1BzYqd,0,0,1
R_1eQPuEBsuhumnPT,1,0,0
R_2t2NeHXAaxyssRI,2,1,0
R_3flSxWvJXSCwXxD,0,2,0
R_1hTfEQqHSkWrHpE,0,0,2
R_3I5efqpqWjGUz5e,0,0,0
R_1rDmVh0yZGhFjNU,0,0,0
R_3ExSvj42BntnEm0,0,1,0
R_1Du8z7jLvMeGvuL,0,0,2
R_eWJy4v9Co6uYTCh,0,0,0
R_cGuPvVoqyH4CeRz,0,0,0
R_31oT8GqNN2UweE9,0,0,0
R_1FyWisBG05lD8X6,1,0,0
R_2roxZzZ8NDJn3jJ,0,0,0
R_2BqZWgSDs8tVmGD,0,0,0
R_W6yF9tO5MuIfOPT,0,0,0
R_bxVVaRnWz9u4AqB,0,0,0
R_2sbXvZyMpcWictk,0,0,0
R_D5LBWoMjn9PfKbD,0,0,0
R_1Fb0677h3WEauC4,0,1,0
R_1dc4q8AVWLzuyxY,0,0,1
R_2D6887Na3zBiIUl,0,1,0
R_1jCKnozQ2i5U4lj,2,0,0
R_qFyNmqsCCHdqGHL,0,0,0
R_3nU8V9dgZyWiUHa,2,0,0
R_1Pd5jZdoXuhvkWG,0,0,0
R_20Yz1DVUoEr2Dq5,0,0,0
R_2Ceq1Vd8UYTD2T0,0,0,0
R_3EZl0JIGUA3cIWe,0,1,0
R_3svJZltB2nROkLc,0,0,0
R_1fdAqZbiQ5Mus9Z,0,0,0
R_xubEfyZ9wJPFYM9,0,0,0
R_6EHuYoEj5Pqfp61,0,0,0
R_237FB8VAlWWw6sm,0,0,0
R_025sYUEHntuFgwF,0,0,0
R_3nqmlCViLHkUlvy,0,0,2
R_sG0fVJQlPDA29Ut,2,0,0
R_1EXpn3KN0hDvwqz,0,0,0
R_Z4ZWA8lWUGAMM8N,0,0,2
R_6XSjvsKDDrrxMtj,0,0,0
R_2bW9P5tPBdBGw4D,0,0,0
R_1H0EmuuZUGuM0Cc,0,0,0
R_2Ph8WGHpZ2CHDz0,0,0,1
R_22JnBFOG3ba4BAv,0,0,0
R_Aba6tPTtPy2lY89,0,0,0
R_22zisf8qU2Zf9pH,0,2,0
R_1hxSCi8TnMrGlks,0,0,0
R_2pQSlERee7kKlnT,0,0,0
R_234xeoa2bnDP5Eh,0,2,0
R_2xFcSfoQvHRp6zI,0,0,0
R_sdG1AzRSE62guRP,1,0,0
R_2afVGrbkhVJ3BnZ,0,0,0
R_1LBV6Of53qnif06,0,0,2
R_31inkL31sLzL5Y5,0,2,0
R_2oso4x2w3dM9Xnb,0,0,0
R_1opDTB3KLW71TFd,0,0,0
R_2ToTowqrbQc3ZQl,1,0,0
R_1dtujI18GeAqxaH,0,0,0
R_O2px3TcVOmf2OuR,0,0,0
R_dj4WleSjXUaO4ZX,0,0,2
R_3lAfCCByyAQIdOb,0,0,0
R_3NIpUXKTjUEc7Dr,2,0,0
R_vBa2yfLMyVgUpup,0,0,1
R_1GwQida1bqnQ2xz,2,0,0
R_3lxjZDw9U28Pqlx,0,0,0
R_30vCLodAQLeDwvu,0,0,0
R_3Jhk0yIrUICEMz2,0,0,1
R_1LpMbW3qxkYQg4P,0,0,0
R_1Cyl5m630uWLRlD,0,0,0
R_pA7F4OJYP4iOBNv,0,0,0
R_1JPxy3obJtpLtu1,0,0,0
R_3ReXOIz132S5H98,0,0,1
R_2Es2UwaCrYDMF8R,0,0,0
R_3nJddo4HyDvKaTp,2,0,0
R_3ilCNThCL6Goj6e,0,0,0
R_2aJLsb1vjRfL8pL,0,0,2
R_3KZMWY60ebBUyNk,0,0,0
R_uwCrbSxP661YhI5,1,0,0
R_QcuTM9cGr4jFFYd,0,0,0
R_3hEnGH8cr9W8xLI,1,0,0
R_3iKzQPrJkGqIewu,0,0,0
R_22WuT5D50zJfbtl,0,0,1
R_27BsV73kXYpIRvq,0,0,0
R_C8k85hIGi1R7pex,0,0,1
R_vCypKokT7gnf8oV,0,0,0
R_3isr05EKiu9jJ0G,0,2,0
R_saHZemmxhGmElyN,1,0,0
R_URfHNovtuZvOMRb,0,1,0
R_cVoN4vwOHnlwWyd,0,0,0
R_3fdB4fptAs1PBoJ,0,0,0
R_1KlKwgthdOTV5IK,0,0,0
R_0kyVVQG3tWzkaOd,0,2,0
R_86bbchu6PiNuRAR,0,1,0
R_3Dd5HjcHE3S0doy,0,0,0
R_9zqRmjrVbkvzsT7,1,0,0
R_3L0ZbpenbCzOd00,0,2,0
R_2v21tlw1YmOra0Y,0,0,1
R_3JkeLybdgW76TDq,0,0,1
R_1dhqw3RNdSlNuR4,2,0,1
R_Xv4dsIZB5CSempb,0,0,0
R_29ohDB8N1RffZVa,1,0,0
R_7WKg4NKb7GFWeyJ,2,0,0
R_3NEYRS8uNUkAQHB,0,0,0
R_Rt2F0O48KwSAXQt,0,0,0
R_74yggRuZXhFoCEF,0,0,0
R_eFDDwt0rEUXJsd3,0,0,2
R_6y8E2rg9QJXc9RT,0,0,0
R_r9mg7WRbXqPZDuV,0,0,0
R_2ZWAp2DWRsW9AQb,1,0,0
R_3oTH0FzJHf13ETq,0,0,0
R_1H6sNX7L0m1LRFW,0,0,0
R_3siURDNFtlfTdz3,0,0,1
R_3PBMhTbFGT7xlYh,0,1,0
R_12x0oYiMH8vWWna,0,0,2
R_2E78OnS1bPkgvAR,1,0,0
R_RhsErBSXhMbJWXD,0,0,0
R_RFzF9XB8G29IiDT,0,1,0
R_1FlGYnphmEGOAaL,1,0,2
R_3EXtKK7OjhfpFHa,0,0,0
R_3e3Pfidvxm70X7Z,1,0,0
R_1OkPtUx6cRzKglf,0,0,1
R_1IT18R2lSBpxw8t,0,0,0
R_1CI6Q3A9XVoziN9,1,0,0
R_ePt0uNmn0RD0OlP,0,2,0
R_2ylP8dhvojHR8U0,0,0,2
R_2dst994vyyNFKWF,0,0,0
R_3htGksZwnU2agsv,0,0,2
R_2aJgZyLF3l0C70q,1,0,0
R_3jTo1lGplD02Nm0,0,0,0
R_2fAIZ39P2XbxQwF,0,2,0
R_2X7p5F1QucP17Jh,0,0,0
R_vvNlqBBfXrrnykF,0,0,0
R_1pM2IFHEVI2nuEk,0,0,0
R_2QVXV2mVPf0BZud,2,0,0
R_12JxBYbulxjIMim,0,0,2
R_1nPCiw2Xi2cjRdn,0,0,0
R_ZdAekFpm4mOyDyV,1,0,0
R_2qEgzGOvQ5nNzbA,0,2,0
R_AhTg8jTeSsi1c0p,0,0,2
R_ZJmUxkwHys1lInT,0,0,0
R_3HB0AIq7QLjcGpB,0,0,0
R_3hfj9FexJi1bqd1,0,0,0
R_1f8AiZdZbkL3kIu,0,1,0
R_26nnk4VOVrBIuMp,0,0,1
R_ylrqHAG5l2ggmBj,0,0,0
R_OcLiJSmZOyayCPv,0,0,0
R_11YJmo7ReC6vYMZ,0,0,0
R_3dK3E0EHCs0cXWr,0,0,1
R_1jjgoxnhST0be29,0,1,0
R_3Mn9J6oxogcoR8V,0,0,0
R_1GVyAlCmZYMVUL1,0,0,0
R_cSGG2j9kfbhnj9L,0,0,0
R_RELlgximrKZtt4d,1,0,0
R_1LiIO5RD30QkmtT,0,0,0
R_Y5n7BESXD64fn33,0,0,0
R_2EnpevNXd1i88kd,0,0,1
R_BJxAPM9j8glhyr7,0,0,1
R_3qajeL43MorddrE,0,0,0
R_1MPoMBZKaJlMyBP,0,0,0
R_1f8HkEJV2gsIvTl,0,0,0
R_2YuhPzxpo4Nv9ri,0,0,2
R_3khyuLKfse2rqU1,0,1,0
R_3nxCII29wyNo4Bx,0,0,0
R_3nBqi0dM5YgqsX4,0,0,0
R_3Lb67MlZaVtqjVo,0,0,0
R_57SmsWgtTuzIh3j,0,0,0
R_12sQXts10ALZARn,1,0,0
R_3irmlQfz6U9jhkD,0,0,0
R_A5MnoxmQTLmmTF7,0,0,0
R_3hyi2izQ30SKaue,0,1,0
R_3NPvvlCp0wzCPcn,0,0,0
R_tPrPVo4Q6nPWwg1,0,1,0
R_27dpJ92KPsTbs6V,0,0,0
R_2ruosqFlOS7gFMp,1,0,0
R_Ry1mnVVKxMrTsQx,0,0,0
R_1DoSfDxqcCQ939I,0,0,1
R_OvE8oedIJxJJxq9,0,0,2
R_1Kll9P4aXSIwkcG,0,0,0
R_1li1CiL2XmFWOf0,0,0,0
R_2xz1CJXO2upiMZ5,1,0,0
R_1ptllszQQ41yBEc,1,0,2
R_VU3CtSp3kbAKTzr,0,0,0
R_3jetjgwIJNC8pu9,0,0,0
R_22y01JquNDcuLo3,0,0,0
R_AmoA3K7V8kwX7xv,0,0,1
R_C3vS7pEWY8vrrEJ,0,1,0
R_cI59lyJK4Bt8apX,0,0,0
R_1QoXtPvYLi6B9Tt,0,0,1
R_2bUW4AQyav8KvJV,0,0,0
R_2trOkjifmAOR4Xz,0,0,0
R_1GIdsxTf5ph7W6c,0,0,1
R_AulRwr4T4tTRdiF,0,1,0
R_207h8IDZ0D6pzj3,1,0,0
R_QcevZDFli5RV7GN,0,0,0
R_2fffhug4qXretb7,0,0,0
R_1Km6cOFdfFVVDMD,0,0,0
R_2TyKqTte2qGvSPN,0,0,0
R_2wFTlPqDuxcowEi,0,0,2
R_3HMT3XA1o1RX4Nq,0,0,0
R_3egLidRefne98II,0,0,0
R_2PdlFuwEmE5KG6y,0,0,1
R_C4cXQWGtkoH9RDP,0,0,0
R_A09R7HDVeKvM4DL,0,0,0
R_2EcrphtBocdiWmh,0,0,0
R_2E4uFtBpdpgcXbY,0,0,0
R_vYX2Q6LS6eSBPUd,0,0,0
R_10OWa3begsu8TqJ,0,0,0
R_1oHAvr8FYklg67J,0,0,2
R_XtZLmwiRK95AIYp,0,0,0
R_3j2Ou0vzlraAzvA,0,0,1
R_SUx2BpuhBO9Jl1D,2,0,0
R_3PX01nkHJsjOMbi,0,0,0
R_3hbT9B9EHky8nls,0,0,0
R_2CfAHaJByCkcQh4,0,0,0
R_1QADXd0aitZgY0z,0,0,0
R_3JrrxVHYD79ZfaI,0,0,1
R_aWCTXrxN9CYRcJP,1,0,0
R_OfAwHD9c2IRwkEh,0,0,2
R_2V1QEEqpbYwmpTP,0,1,0
R_32Kf7Ba8EfGh45E,1,0,0
R_1mQM9dOf8E0fslw,1,0,0
R_3MunLoYSCwYB0Un,1,0,0
R_3Jq5F8VVftgGmgL,0,1,0
R_d4hajrF569fw1iN,0,0,0
R_2Xn5nYIH3o2NBxQ,0,2,0
R_12PboAnRruvFFwX,1,0,0
R_yPJjlvzcUrMSscp,0,0,2
R_2EfURkzp17On3S4,0,2,0
R_3QJAnIhldxIwiQ3,0,2,2
R_uerJruLSjIAIqo9,0,0,2
R_2R92c7ooaEAWmOh,0,0,0
R_24qGPYu3Dj2Uyl2,0,0,0
R_9mJsFQkNkY7WGNX,0,1,0
R_1f3kYZyA5ueuaQ3,0,1,0
R_R2BihuJiYaIitZT,2,0,0
R_b2Q85kSSnS0Cppv,0,0,2
R_1OGCxNGeOk16ZN5,0,0,0
R_vpEVqNPJSfVSj4t,0,0,1
R_YctybfNNAcC7sbv,0,0,0
R_1DITwxzzCpBUWXc,0,0,0
R_2s4MgkOJPFrlSlk,0,1,0
R_1mfQJSpm3BX3uU7,1,0,0
R_Zm0PrZZKfNEj8vT,0,0,2
R_1JW8zFnNEGe9a2O,0,1,0
R_10orp4LMpbeUDsF,0,0,0
R_3J9telz0e94JPrN,0,0,0
R_2axC07hVTlH5rrJ,0,0,0
R_3fBLmJMtHeVLzHw,2,0,0
R_ua0psIRtqjwq2zf,0,0,2
R_RFtkNCG51XS2RbP,0,0,2
R_1g5W1jvHG3UlfdU,2,0,0
R_1Kx6EaUqFBPGYzU,0,0,0
R_2znM5vdzTgr50Ml,0,0,0
R_pbhHFzthUwRcgzT,0,0,0
R_1E6w9Ryur0L4SFm,0,1,0
R_3p4nOx5aN8lMq59,1,0,0
R_21t5mxDThaRdoCT,0,1,0
R_2XoeOnTYLUDk2z0,0,0,0
R_2pWWqF000J76e6V,2,0,0
R_2Ufqy6yR3QibbV3,0,0,2
R_0catYfu9ZIgXLSF,1,0,0
R_3KACYQHg7VX5oMb,0,0,1
R_9YQ0FbyUwYYWjHX,1,0,0
R_1n1NjXGwEKDFgrW,0,0,0
R_3n26yUf4PkFD6Ad,0,1,0
R_211DaL6YxgWZd4U,0,1,0
R_XvnwKs3C39biZrz,0,0,0
R_beIhKUcO1Rhfxrr,0,0,0
R_1qdCBmR0Dc56bhd,2,0,0
R_SW7hCNTeMfZiH5v,2,2,0
R_sjW15ELTCtih39L,0,0,2
R_Ad4LoBxQWdriRLH,2,0,0
R_3DpQuSjGQdKEDmh,0,0,0
R_1Ce9I0JfZvp5cZT,0,0,1
R_3LYFx1xB7LoVJui,0,2,0
R_25T6DYpmNttGUZi,0,0,0
R_3ff33WGrfpURkCO,0,2,0
R_1mLB5lNPMqMELre,0,0,0
R_24qiqTI2RLids8K,0,0,1
R_3nVD7inUrFhBNV0,0,0,0
R_211zV3bRknmphap,0,0,0
R_7VRUVTqNguOc7QJ,1,0,0
R_1R32XBbFmIVow2l,0,1,0
R_3k25M4fbdib1R9G,1,0,0
R_vPl2z3iF176HVn3,0,0,0
R_1gCk7lRlY5A9t0w,0,0,1
R_1iqed19F9x1Ex9p,0,1,0
R_3J9laqHZZYH5NLI,0,0,0
R_3ELIYszJrduIgbg,0,2,0
R_2VxWbNeF2tUxpuT,0,0,1
R_3gZzWdgCCIPda8p,0,1,0
R_3QEF9SuzUrpToUW,1,0,0
R_3irujjTq9yvzill,1,0,0
R_2E059azNam4dY0q,1,0,0
R_82PSB9X7wWjvTJD,0,0,1
R_yItV3auKGL4W80N,2,0,0
R_2QJuTuvjOUZ0jOZ,1,0,0
R_DxhgSCsyIq6IxcR,1,0,0
R_1LSiEtIu3VcEKqn,0,1,0
R_szkA7MAZ1oFmIRX,0,0,0
R_vVTQaT5KNh1JHc5,0,1,0
R_vwT6DwsuyN99euZ,0,0,0
R_30iuhaLnUpQ20vV,0,0,1
R_vjC1xJcZOgDeNYl,0,0,0
R_3qOkxNCWCAoaF2s,0,0,1
R_2TZsCNWEw809CU0,0,0,1
R_28OKy0KF3RbQ3Eh,0,1,0
R_3ErRDA1BWmVfSrT,0,0,0
R_3JDW2CoFguskuLd,0,0,1
R_23gBbBQOBvGIthp,0,0,0
R_2Bsxgh4uviAOMSm,1,0,0
R_1DAxpu3qMpRgyOx,0,1,0
R_33ljD8JfV1Em5vZ,0,0,0
R_2ymDQlIIZta4awq,0,1,0
R_32IR2UmqkvNcfMj,0,0,2
R_0j0jB4jy9vpH8I1,0,0,0
R_Ox2FkPa3jLtyBQl,0,0,1
R_263ezfQR58NHYh7,0,0,1
R_5tHITNTzRo5Pf6V,0,1,0
R_3hgcUDGbXcFqDqB,0,0,0
R_1JR9POzAtFUd9AD,0,0,1
R_3ek4puKXQeW7Gon,0,0,0
R_1msLoK1cwrkDWot,0,0,0
R_1CsenFLsAjSiT3R,0,0,1
R_2XhrnA8tS3ZAeQQ,0,0,0
R_1PcrDDzd5VwnpKd,2,0,0
R_1QgRK3w5zuZTKAy,0,0,1
R_3iniUVQw8gtffVa,0,0,0
R_1jlcE1M6u1I8Umm,0,0,1
R_3ikEQ9CykBSe7fJ,0,1,0
R_1ln3U9Bhv6tgA4t,1,0,0
R_1DXYDBeku0Zpefr,0,0,1
R_p5et44tfJaHei9H,1,0,0
R_1PbeaJmwoZbcoEo,0,0,0
R_d45clnGBedcMn1D,0,1,0
R_3EShVLl2BfMxo2n,1,0,0
R_2tL12XLRP2dcULu,0,0,2
R_31uuiS5J0TXryZP,0,0,0
R_1OHvlgjuXKhBB9S,0,0,0
R_2ttUJZ4TX6iBzUP,0,1,0
R_1fa731MvDnvE0vc,1,0,0
R_2S1tO1os6mL82Q2,0,0,0
R_3MM8bNC9ZrJmLN0,0,1,0
R_1ilzOW6qt5xjbAT,0,1,0
R_1jQhOwUEgTD9TEc,0,0,0
R_3kOn4Yy5dilVHh6,0,0,0
R_3P6r725srjBdYzK,2,0,0
R_3fNoXX4OB8eeuYE,1,0,0
R_2YkLwMEpolFGdRp,0,0,1
R_yJGkAQkhnVJv5hT,0,0,1
R_2qa9klqiogc055F,0,0,0
R_2cnhj2Q7Q5TesB5,0,0,0
R_3O7ddzpmso9NKNp,0,0,0
R_3gXzoBqrJdSTwtm,0,0,1
R_Q5H4zo8rRW11xT3,0,0,1
R_3oXgghqyvZMEegh,0,0,0
R_bkDMgFhzj6PmCMF,0,0,1
R_3oLx1UwcWeYMOdY,0,0,0
R_1FmK6hKfeHBLIs1,0,2,0
R_1P18vxps0PUZOSm,1,0,0
R_tLDIbgkO2jMEnxD,0,0,0
R_PRMwSmVjMFxuBu9,0,0,0
R_3kEsKCNe4AtUo5X,0,0,1
R_1BORNSNyzGXCYso,1,0,0
R_3pg91aXskgVO9IR,0,0,2
R_3L24Q71f72kgi9K,0,1,0
R_1gpB6mV0CUrJgJj,0,0,2
R_1GHOt0YLeUitYnK,0,0,0
R_vJgJJtHwiPM4r3X,1,0,0
R_bwlN2BLD5D9mdmp,0,0,0
R_2ZC8TdkOzgXVaUS,0,0,1
R_sL89fsgNJB365BT,1,0,0
R_3KO9HsYQx8Q5sYR,0,1,0
R_4Mc6QwuzvXs6qDn,0,1,0
R_1nQ6G65VVUXkSKJ,0,2,0
R_3IRhvYP5hNj5glk,1,0,0
R_2AG6e8JtBVAGiqf,0,2,0
R_3NwdQUhkCCUo9y0,1,0,0
R_3McIrrNcK2Py9Cw,0,0,2
R_3fMJ6Y9w5JyVeIx,0,0,2
R_29tO1fQB7yhyjyL,2,0,0
R_DNrRc8nNw51KWch,0,0,0
R_wNVv57tO1SZq8w1,2,0,0
R_WcyBPI1RuIQv5TP,0,0,0
R_1FqBX1Oavfq11Mn,0,0,0
R_1QapLDQYMgRWjbE,0,2,0
R_8xkUAes38Zj7FER,0,0,1
R_31XfU3eEkcTeYjo,2,0,0
R_2PdHH7AUIiUw6mb,2,0,0
R_3iPXAkw2YdjyFml,0,0,0
R_1Q5i3TbLKIKpM8A,0,1,0
R_3em1RjytDrXuJlj,0,0,1
R_1dujDD3p517o25F,0,0,0
R_24cm6zoqqDARKJr,0,0,0
R_3MKKuyctPAmaMQY,0,1,0
R_XMNboFVNxEz17P3,0,2,0
R_TbCRyCi6DKENyIV,0,0,1
R_NVf7NFUSjHgOnKh,2,0,0
R_3iOVHbYXVTVQMxo,0,0,0
R_1Q9ngyNUAKUpKo5,0,0,0
R_3HvJcmUV6APsM5i,1,0,0
R_YYy6XGxPpUCULdv,2,0,0
R_cCTgjIma9c15Dpf,0,0,0
R_XUuCfwEA5mkytGh,0,0,2
R_Oj2b6hgDFgeXwBz,0,1,0
R_3HTuN8emf1k9Y2L,0,0,0
R_3n6MqBlPhr0o4im,0,0,0
R_1DRQ4kS97WBjDum,0,2,0
R_2xR9hLNjVDfZBa0,0,0,1
R_1IlS6zVQqpeCngw,0,0,1
R_2cvFbf7KmNPZTmx,0,1,0
R_1DqWYqQ7uRvpRgw,0,0,1
R_1n87GSIMj14Xa56,2,0,0
R_125zggiSKJJEzcB,2,0,0
R_2ZBUyA2BZqpburK,0,0,0
R_2CxDDi8YjOZaIVo,0,0,1
R_3iJsd5ErZmmUWet,1,0,0
R_3mfv0tPBAyoHEgh,0,0,0
R_30krMbtbGkzJDAQ,0,0,1
R_BxkQflD0soKVznH,0,1,0
R_DHwigL8mmlj3VPH,0,0,0
R_cOLBRgYTzg3LmJH,0,0,0
R_urbMjOGV3dUvJ29,0,0,0
R_2zVn3GeNavXvclt,0,1,0
R_3qEjsRHqpsLjzrS,0,0,0
R_3hhJE1vOhKxNUN1,2,0,0
R_298GLA3iYHWCVPj,0,0,0
R_1eFzlMBEPIGv8rJ,0,0,0
R_3EnhiQdTGc0Ei3P,2,0,0
R_33yCYn2LMARLkBl,0,0,2
R_27pUhZTYKcggpTd,0,0,0
R_85IiIf4fIZDwB69,0,0,0
R_eUTxO0Sdk9Ab6x3,0,0,2
R_3k1jrNSamujA7nM,2,0,0
R_2RakFSvHGpU2CBz,0,0,0
R_WCp86rDyPC2UR8Z,0,0,0
R_1MWKALxJ1ac7xiO,0,0,0
R_1GviYxIk5l4aHqe,0,1,0
R_e42gJFReRns0SCR,0,0,1
R_6LhSMYSksDIu0XD,0,0,0
R_32KORf5WFS5tWKd,0,1,0
R_1nUwoPFs26MpXsY,0,1,0
R_udLLrfAA1ZlFztD,2,0,0
R_RQgXYMfb4tbkQzD,0,0,0
R_6y8JTqanD9EGmvT,0,0,1
R_1C3fFzZpxXTC6v1,0,0,0
R_10YLMfRkbiiaUPR,0,0,0
R_3JeLmaHczRsTfhZ,1,0,0
R_qFnBKfbM3sDsR33,0,2,0
R_6heZVyIiN2iHXrz,0,0,0
R_3JIAw1BHj21aSiS,2,0,0
R_qViqzMMtYLOTSz7,0,1,0
R_vx0fzCfWdygaplT,0,0,0
R_3ES994UQ9po61En,0,0,2
R_4NGp5Pi4VlbSme5,0,1,0
R_u1FFumI64Xqr5Rf,0,0,2
R_1f8UzpngnGD1Drs,0,0,0
R_3s1j8eq1K70hBKc,1,0,0
R_7VsP73zg6W9d3kl,0,2,0
R_2Pv9w85Ly9fOMqg,0,1,0
R_A7dXu2mHdSChq0x,1,0,0
R_3e4SPL1j0fHEZUP,0,0,0
R_RzxQMcbhot53n3P,0,0,2
R_SGW5VwgJVJS72gN,1,0,0
R_tEXVQBhtehQQxCF,0,0,0
R_1IEPKvClSa7Ji0i,0,1,0
R_2fwJnfr6qUAM5MC,0,0,1
R_Dv3N454oDegCipX,1,0,0
R_31zsTskr1W36kJy,0,1,0
R_WCCQNW5AfH9PaAF,0,0,0
R_1LNLjULp7UYTDjE,0,1,1
R_25sGPqRKKDxLD7V,0,0,2
R_2aQxDtSTSRxdZRD,0,1,0
R_3imNRAIwsgy3bIl,0,0,0
R_A7h1YLtdCRkjQY1,0,1,0
R_3MGzd7DkSvuvt2d,1,0,0
R_1mCcZmV6cEJaz6d,0,2,0
R_3DcJL1KqfeAibE1,0,0,0
R_3nooh6pWAUnh67K,0,0,2
R_1H759u0KGOOKA7W,0,2,0
R_10SeB182gkzhEhI,0,0,0
R_1dnu2SmQZaYhZaL,1,0,0
R_3QLRjV9LxoOxOj1,1,0,0
R_3JEQA4nmivRHt6T,1,0,0
R_XhOMB8aWUj2SWPf,0,0,0
R_0cv5PSiXAck68St,1,1,0
R_2TLw0pbicPcimLc,1,0,0
R_242yNPzVpaAqgM8,0,0,1
R_1fjYYfJMSonlTiK,0,1,0
R_22A1rHAP3uI49UB,0,0,0
R_22Q9fgYiMnZY9JW,0,1,0
R_3Ok0rBb8n9xzQXS,0,0,0
R_2dKgRuvXzPYrq3v,0,0,0
R_2uD5XAHRIOBeDGh,0,0,0
R_eDujp2gweehu95D,1,0,0
R_2e2mlmz3fBnxuQi,0,1,0
R_3noT9dwLtOSbseg,0,0,0
R_uqNh9y3wADjFooF,0,0,2
R_cGEXHSQLtUR4bKx,0,2,0
R_r8T6Nh7cyW4sMNz,0,0,1
R_1qXul59GvNgDjIp,0,1,0
R_1eS2owOnDEocSRB,0,0,0
R_3Pp3rhXlMfImE7E,1,0,0
R_1CclsdFfMIkn8A1,0,2,1
R_qJZdU5BlFGW2j05,1,0,0
R_3Ny8jtkpJhNpuPd,0,0,2
R_1FLr8vRh2Ihopyd,0,0,0
R_2SHUuJGEqhHu0HZ,0,0,1
R_ZaTENZhcwLkTLcl,0,0,0
R_W8r10CX944dr8yd,0,0,0
R_2fHSATkTDl4Ymuz,1,0,0
R_3xAeASfD4JwS9gJ,0,2,0
R_3PBjmT7RHCIqItd,0,0,0
R_2eRbAZRRayofaRH,0,0,0
R_2cikxuUhrIwHMhC,1,0,0
R_1HeJmaHh3oUwxnY,0,1,0
R_277khtgfckqBCM7,0,1,0
R_0rocuSI1sryHd17,0,2,0
R_3qPsT7HQJeRcFs4,0,0,0
R_1pL02FwvURjkluP,1,0,0
R_2BbnADFFfXYODGN,0,0,1
R_3GdCidYPrZNbPwS,0,2,0
R_1lACZvYQHrRgJOy,0,0,0
R_2tJdsMvIzaYXWTc,0,0,2
R_1JWvPez38tzPLbz,0,0,0
R_O3cBZm2cGmoNUjL,0,0,0
R_2sXYGGZFi2zzEAA,0,0,1
R_2ARUKvSeH1VCR4J,2,0,0
R_2CWz6PHYeinna8i,0,1,0
R_3p2TXfyYFEo6Ffa,0,0,1
R_rrJvHaVcz4bDDJD,0,0,0
R_1hYiGRXpF6S3LDE,0,0,0
R_24GjKxbyiAq8bAE,1,0,0
R_2DZCMoJsX1GPjJU,0,1,0
R_3MKKs4qmZjtylik,0,0,1
R_1F4h1UqC2PJQ3iV,0,0,1
R_3F4HFoboNPKE0fx,1,0,0
R_0AotwaXsJbFGgVP,0,1,0
R_2DYrADGEaJNFASw,0,0,0
R_28OMbL6ygMK31GG,1,0,0
R_300IgVRTr8I30io,0,0,0
R_2Cy1KUq4FsBQH91,0,0,0
R_11YOycY1CNqz3Qm,0,0,1
R_1QJVp5AImgO4OhU,1,0,0
R_3FIQ0gY1Tt4P9Qm,0,1,0
R_3nd5qJ0pctLmMrb,0,1,0
R_1MQmu2kDZaIe0Kd,0,0,1
R_2EdcYYXRrrxz23t,0,1,0
R_234zACAIIn3obbU,0,1,0
R_3lY3nJtjDAvQAVf,0,1,0
R_29gGuuOWmMX4abn,0,1,0
R_1pyCILsdinVGeBF,0,1,0
R_30162AC5SSGPgqR,0,0,0
R_1hMAT5v8De0dtyA,0,1,0
R_Ray1hMGuiGHDcLn,0,2,0
R_3hygi6xmD3pMio5,0,1,0
R_1cY46jDzbyPUMsO,0,1,0
R_1Kl6Q5fnji8G1i6,0,0,1
R_2QMa1kbJuNcX7Rm,0,0,1
R_2qFatNH6mXvuiQ1,0,0,1
R_bwqeS2SCT6bBfzz,0,0,1
R_SH58qLlKzVUoDGV,0,1,0
R_3ix3d87NpvDlHef,0,2,0
R_6POUGtxuuhF5n0Z,0,0,1
R_1Bm1PFPWx8o6ASJ,0,1,0
R_sXATFJcRxaLvaQF,0,2,0
R_1IA89Dfqh86arPR,0,0,1
R_QmPBCjHpeLgdXQB,0,2,0
R_1i40Ztdoqu81Snt,1,0,0
R_3MFpeaTWUcp1Cwt,0,1,0
R_2rrbWqkvuV05eqo,0,0,1
R_Wum0NuESHp1q1uV,0,2,0
R_1ezBqO5aREjQ2Od,0,1,0
R_2ZK3mk2CyrCEKAE,0,1,0
R_2P0FHKlw6eolRpI,0,1,0
R_2ypyix3uMnnR8kF,0,1,0
R_bpHiTFJC3kCVGwx,0,0,0
R_2Pkf8Bdwj7YhnMe,0,2,0
R_1IGEpyQqaqSl49K,1,0,0
R_Ojq13CzduEbo2uB,0,1,0
R_3siFp9z6rcAbOf4,0,0,1
R_SDKtYkUn8fjl54J,1,0,0
R_12c2Sv3oDTrmdkt,1,0,0
R_20NHJV6ytbANlXK,0,0,2
R_31HHWWNiexThess,0,1,0
R_3RvxttTlfUt026a,1,0,0
R_1IzWQP0p2AEt6AO,0,0,2
R_3nl8Gyc5So9Bm8n,0,0,1
R_xae3buDHGn5BNCx,2,0,0
R_22MuzdU7WJO3Trz,0,0,2
R_3OiSEhC3PxwcCjw,0,0,2
R_XEN5d4Bzq2QAyFb,0,1,0
R_ebWuZYJOYJhUJNv,0,0,1
R_2OPdo17BYPrgKDs,0,0,1
R_6WFoS7kl9A4nnSF,0,2,0
R_p9ik4k86qhzxLBD,1,0,0
R_2aPmqNWptRsjm7i,1,0,0
R_1QmdMm4aQYp8awV,0,1,0
R_2EaDgTmzBmLlBdo,0,0,0
R_1itfxc08An0p9XX,1,0,0
R_2CTHt4zFSAQBbqz,1,0,0
R_8kLMqsrEUp1b477,0,1,0
R_1Qoq2J3pUJq9XXf,0,1,0
R_3PnpywVbHp5DBDT,1,0,0
R_SHJMeavKnaZerBv,0,0,1
R_6D7Rgk5kozI4SGt,0,0,1
R_QgLr3DqlAhVDvK9,0,0,0
R_TuvQrtvDcZwaRgt,0,0,0
R_2zl5xkE3KPyFKLc,0,2,0
R_1dpoMrYtzpAQA8k,0,0,0
R_27Vbj9wkLo325Ma,0,1,0
R_3ku1NpCrNwOLCVP,0,0,1
R_3Ho7BZmgiv1mfxO,1,0,0
R_1opvivE0YOGtDWH,0,0,1
R_3no9s6MO6NEbb4A,1,0,0
R_3k1UkpsSSw8qVHV,1,0,0
R_2OZt4u2GHAidNpe,0,0,0
R_7W1Dc0RieOBIs7f,0,0,0
R_3q9UlKdzGSWSWjS,1,0,0
R_21celjcBGcuc8WE,0,0,2
R_33yd5x1MI4taegP,0,1,0
R_NWrYHACHcAiHo0V,0,0,0
R_0djKORDVv5gJVGp,0,0,2
R_7UwbHgVPbysED17,0,0,0
R_1FqXuOu1nJpFhg6,0,0,1
R_b2PUrQMlWJ5S31n,0,0,0
R_9FZRrafHuhAeFoZ,1,0,0
R_2YJtbseTbQ4RGOL,0,0,0
R_3KCrjjleGAN7epB,0,0,0
R_Dx9HvxfTrwNn7Md,1,0,0
R_3ko0t8oSqEz54J7,0,1,0
R_2q9H0w6YRb4Y2vD,0,0,0
R_31HgVdevVWPDL6n,1,0,1
R_WokRCFonBuOrzeF,0,0,0
R_vfdBrQ1kZUHKB9v,0,0,2
R_28Y9ccWrakHE7b9,0,0,0
R_1i8QTbxTnWj6Eh1,1,0,0
R_oZScFBfsPmf2jdf,0,0,0
R_9nLf65gd83lb6Kd,0,0,0
R_pKn0lHLUCKYyUW5,1,0,0
R_yL3L4kob0Slrpw5,0,0,1
R_3HLd2A6RplXfLh9,0,0,1
R_cND8ZuO9AJeI1RD,0,1,0
R_3suK1Xk0g3SbElL,0,0,0
R_1OqJLTBMsymYW2j,0,0,0
R_1d4Q417R3PHX2Gt,0,1,0
R_3n1QYG02g20BJzP,0,1,0
R_3J4YtesWmD3yugi,1,0,0
R_2SdUhhXgI0ZzpjX,0,0,0
R_1Cxxb5TJkxgQ55w,0,1,1
R_ZHUSIL5T3VVUN6V,0,0,1
R_2zShuKmOFfqwI6M,0,0,2
R_1i9hxqdW3TG0Csx,0,0,0
R_T0AhIFSiKuEv8ch,1,0,0
R_RPpGkX90h1UmfKh,0,0,0
R_2BbxPfek1El5f5n,0,0,0
R_2aqphukYeJcXiTH,2,0,0
R_2CBVnnyLKCdHFjs,0,1,0
R_27a0KYcVvh7EsCK,1,0,1
R_9oV42LEywWZc0db,0,0,0
R_30iSsF6cg6FwePr,0,1,0
R_2rqpIuV3VxnAdCJ,0,0,1
R_3k0ullrK0oRrEmG,0,1,0
R_1MKb2MYEXgIOeHB,0,0,0